,ds,trend,yhat_lower,yhat_upper,trend_lower,trend_upper,additive_terms,additive_terms_lower,additive_terms_upper,weekly,weekly_lower,weekly_upper,multiplicative_terms,multiplicative_terms_lower,multiplicative_terms_upper,yhat
0,2021-07-26,171.90103405227998,157.21062465548218,181.6638999688627,171.90103405227998,171.90103405227998,-2.5412152993377357,-2.5412152993377357,-2.5412152993377357,-2.5412152993377357,-2.5412152993377357,-2.5412152993377357,0.0,0.0,0.0,169.35981875294226
1,2021-07-27,171.91262125290592,157.90024047599047,182.09510799518358,171.91262125290592,171.91262125290592,-2.394252797674747,-2.394252797674747,-2.394252797674747,-2.394252797674747,-2.394252797674747,-2.394252797674747,0.0,0.0,0.0,169.51836845523118
2,2021-07-28,171.92420845353186,157.38155332308796,182.00873443629862,171.92420845353186,171.92420845353186,-2.285560092191794,-2.285560092191794,-2.285560092191794,-2.285560092191794,-2.285560092191794,-2.285560092191794,0.0,0.0,0.0,169.63864836134007
3,2021-07-29,171.9357956541578,156.7185609382416,182.07152908381482,171.9357956541578,171.9357956541578,-2.5246146839855412,-2.5246146839855412,-2.5246146839855412,-2.5246146839855412,-2.5246146839855412,-2.5246146839855412,0.0,0.0,0.0,169.41118097017227
4,2021-07-30,171.94738285478374,157.15551482546368,182.01135114033497,171.94738285478374,171.94738285478374,-3.092460750382991,-3.092460750382991,-3.092460750382991,-3.092460750382991,-3.092460750382991,-3.092460750382991,0.0,0.0,0.0,168.85492210440074
5,2021-08-02,171.9821444566616,157.80302324607504,182.7535457440693,171.9821444566616,171.9821444566616,-2.541215299344251,-2.541215299344251,-2.541215299344251,-2.541215299344251,-2.541215299344251,-2.541215299344251,0.0,0.0,0.0,169.44092915731733
6,2021-08-03,171.9937316572875,157.41381993783045,181.93461676647695,171.9937316572875,171.9937316572875,-2.3942527976762524,-2.3942527976762524,-2.3942527976762524,-2.3942527976762524,-2.3942527976762524,-2.3942527976762524,0.0,0.0,0.0,169.59947885961125
7,2021-08-04,172.00531885791344,157.36472469747048,182.10484250118947,172.00531885791344,172.00531885791344,-2.2855600921920494,-2.2855600921920494,-2.2855600921920494,-2.2855600921920494,-2.2855600921920494,-2.2855600921920494,0.0,0.0,0.0,169.7197587657214
8,2021-08-05,172.01690605853938,156.92494818669732,181.79121404908517,172.01690605853938,172.01690605853938,-2.524614683985289,-2.524614683985289,-2.524614683985289,-2.524614683985289,-2.524614683985289,-2.524614683985289,0.0,0.0,0.0,169.4922913745541
9,2021-08-06,172.02849326103606,156.55063519873343,180.96888540611724,172.02849326103606,172.02849326103606,-3.092460750376721,-3.092460750376721,-3.092460750376721,-3.092460750376721,-3.092460750376721,-3.092460750376721,0.0,0.0,0.0,168.93603251065935
10,2021-08-09,172.06325486852614,157.42114786668756,181.8085854230238,172.06325486852614,172.06325486852614,-2.5412152993434147,-2.5412152993434147,-2.5412152993434147,-2.5412152993434147,-2.5412152993434147,-2.5412152993434147,0.0,0.0,0.0,169.52203956918274
11,2021-08-10,172.0748420710228,157.43825830981203,182.7373733168486,172.0748420710228,172.0748420710228,-2.394252797684146,-2.394252797684146,-2.394252797684146,-2.394252797684146,-2.394252797684146,-2.394252797684146,0.0,0.0,0.0,169.68058927333865
12,2021-08-11,172.0864292735195,157.36025967130846,182.30842913606347,172.0864292735195,172.0864292735195,-2.285560092191527,-2.285560092191527,-2.285560092191527,-2.285560092191527,-2.285560092191527,-2.285560092191527,0.0,0.0,0.0,169.80086918132798
13,2021-08-12,172.0980164760162,157.38633981020436,181.8664106148265,172.0980164760162,172.0980164760162,-2.5246146839881445,-2.5246146839881445,-2.5246146839881445,-2.5246146839881445,-2.5246146839881445,-2.5246146839881445,0.0,0.0,0.0,169.57340179202805
14,2021-08-13,172.10960367851288,157.08235662344953,181.42920224088442,172.10960367851288,172.10960367851288,-3.092460750370451,-3.092460750370451,-3.092460750370451,-3.092460750370451,-3.092460750370451,-3.092460750370451,0.0,0.0,0.0,169.01714292814242
15,2021-08-16,172.14436528600294,157.99856543655102,182.55947625223067,172.14436528600294,172.14436528600294,-2.54121529934258,-2.54121529934258,-2.54121529934258,-2.54121529934258,-2.54121529934258,-2.54121529934258,0.0,0.0,0.0,169.60314998666036
16,2021-08-17,172.15595248849965,157.4173208039013,182.42699102826745,172.15595248849965,172.15595248849965,-2.3942527976811396,-2.3942527976811396,-2.3942527976811396,-2.3942527976811396,-2.3942527976811396,-2.3942527976811396,0.0,0.0,0.0,169.76169969081852
17,2021-08-18,172.16753969054346,156.99849662761943,181.13142179469295,172.16753969054346,172.16753969054346,-2.285560092192907,-2.285560092192907,-2.285560092192907,-2.285560092192907,-2.285560092192907,-2.285560092192907,0.0,0.0,0.0,169.88197959835057
18,2021-08-19,172.1791268925873,157.43472352218254,181.71431992419144,172.1791268925873,172.1791268925873,-2.5246146839909995,-2.5246146839909995,-2.5246146839909995,-2.5246146839909995,-2.5246146839909995,-2.5246146839909995,0.0,0.0,0.0,169.65451220859632
19,2021-08-20,172.19071409463115,157.2580691004289,180.28190926663328,172.19071409463115,172.19071409463115,-3.092460750370559,-3.092460750370559,-3.092460750370559,-3.092460750370559,-3.092460750370559,-3.092460750370559,0.0,0.0,0.0,169.0982533442606
20,2021-08-23,172.22547570076264,157.4266380657823,181.8132389769347,172.22547570076264,172.22547570076264,-2.5412152993490933,-2.5412152993490933,-2.5412152993490933,-2.5412152993490933,-2.5412152993490933,-2.5412152993490933,0.0,0.0,0.0,169.68426040141355
21,2021-08-24,172.23706290280649,157.29010809077752,181.8572158499477,172.23706290280649,172.23706290280649,-2.394252797678134,-2.394252797678134,-2.394252797678134,-2.394252797678134,-2.394252797678134,-2.394252797678134,0.0,0.0,0.0,169.84281010512836
22,2021-08-25,172.24865010485033,156.47242465413314,182.86947800662566,172.24865010485033,172.24865010485033,-2.2855600921923847,-2.2855600921923847,-2.2855600921923847,-2.2855600921923847,-2.2855600921923847,-2.2855600921923847,0.0,0.0,0.0,169.96309001265794
23,2021-08-26,172.26023730689417,156.0721195739273,182.4786502465034,172.26023730689417,172.26023730689417,-2.5246146839820245,-2.5246146839820245,-2.5246146839820245,-2.5246146839820245,-2.5246146839820245,-2.5246146839820245,0.0,0.0,0.0,169.73562262291213
24,2021-08-27,172.27182450893798,157.67566837795107,181.88793609480595,172.27182450893798,172.27182450893798,-3.092460750370667,-3.092460750370667,-3.092460750370667,-3.092460750370667,-3.092460750370667,-3.092460750370667,0.0,0.0,0.0,169.17936375856732
25,2021-08-30,172.3065861184618,157.7015616603073,181.3493046728158,172.3065861184618,172.3065861184618,-2.541215299355607,-2.541215299355607,-2.541215299355607,-2.541215299355607,-2.541215299355607,-2.541215299355607,0.0,0.0,0.0,169.7653708191062
26,2021-08-31,172.3181733216364,156.39016868188608,181.42179011080555,172.3181733216364,172.3181733216364,-2.3942527976796386,-2.3942527976796386,-2.3942527976796386,-2.3942527976796386,-2.3942527976796386,-2.3942527976796386,0.0,0.0,0.0,169.92392052395678
27,2021-09-01,172.32976052481104,157.65118646455963,183.15318058878663,172.32976052481104,172.32976052481104,-2.28556009219264,-2.28556009219264,-2.28556009219264,-2.28556009219264,-2.28556009219264,-2.28556009219264,0.0,0.0,0.0,170.0442004326184
28,2021-09-02,172.34134772798564,157.3815834642236,182.15874989378432,172.34134772798564,172.34134772798564,-2.5246146839817722,-2.5246146839817722,-2.5246146839817722,-2.5246146839817722,-2.5246146839817722,-2.5246146839817722,0.0,0.0,0.0,169.81673304400385
29,2021-09-03,172.35293493116023,157.776159189031,180.90527540058196,172.35293493116023,172.35293493116023,-3.0924607503643964,-3.0924607503643964,-3.0924607503643964,-3.0924607503643964,-3.0924607503643964,-3.0924607503643964,0.0,0.0,0.0,169.26047418079582
30,2021-09-07,172.39928374385866,157.38986840392926,182.36070246836263,172.39928374385866,172.39928374385866,-2.3942527976811427,-2.3942527976811427,-2.3942527976811427,-2.3942527976811427,-2.3942527976811427,-2.3942527976811427,0.0,0.0,0.0,170.00503094617753
31,2021-09-08,172.41087094703326,156.99600957575674,182.62159895776236,172.41087094703326,172.41087094703326,-2.2855600921921178,-2.2855600921921178,-2.2855600921921178,-2.2855600921921178,-2.2855600921921178,-2.2855600921921178,0.0,0.0,0.0,170.12531085484113
32,2021-09-09,172.4224581502079,157.5668212294404,182.13215318072793,172.4224581502079,172.4224581502079,-2.5246146839877355,-2.5246146839877355,-2.5246146839877355,-2.5246146839877355,-2.5246146839877355,-2.5246146839877355,0.0,0.0,0.0,169.89784346622014
33,2021-09-10,172.43404535599075,156.00908142388585,180.5641190094232,172.43404535599075,172.43404535599075,-3.0924607503581267,-3.0924607503581267,-3.0924607503581267,-3.0924607503581267,-3.0924607503581267,-3.0924607503581267,0.0,0.0,0.0,169.34158460563262
34,2021-09-13,172.46880697333938,158.3639626993777,182.6416969835492,172.46880697333938,172.46880697333938,-2.541215299334625,-2.541215299334625,-2.541215299334625,-2.541215299334625,-2.541215299334625,-2.541215299334625,0.0,0.0,0.0,169.92759167400476
35,2021-09-14,172.48039417912224,157.26038725983523,182.74428338001005,172.48039417912224,172.48039417912224,-2.394252797684526,-2.394252797684526,-2.394252797684526,-2.394252797684526,-2.394252797684526,-2.394252797684526,0.0,0.0,0.0,170.08614138143773
36,2021-09-15,172.49198138490513,157.81530026793413,182.89968784957924,172.49198138490513,172.49198138490513,-2.285560092192372,-2.285560092192372,-2.285560092192372,-2.285560092192372,-2.285560092192372,-2.285560092192372,0.0,0.0,0.0,170.20642129271275
37,2021-09-16,172.503568590688,157.23591562299123,181.94295432139384,172.503568590688,172.503568590688,-2.5246146839874837,-2.5246146839874837,-2.5246146839874837,-2.5246146839874837,-2.5246146839874837,-2.5246146839874837,0.0,0.0,0.0,169.9789539067005
38,2021-09-17,172.51515579647088,157.26062219955898,180.9657459083375,172.51515579647088,172.51515579647088,-3.0924607503783927,-3.0924607503783927,-3.0924607503783927,-3.0924607503783927,-3.0924607503783927,-3.0924607503783927,0.0,0.0,0.0,169.42269504609249
39,2021-09-20,172.5499174138195,157.6447795430656,181.72586597606613,172.5499174138195,172.5499174138195,-2.541215299348488,-2.541215299348488,-2.541215299348488,-2.541215299348488,-2.541215299348488,-2.541215299348488,0.0,0.0,0.0,170.008702114471
40,2021-09-21,172.56150461960235,158.5867337966914,182.71536041644234,172.56150461960235,172.56150461960235,-2.3942527976770105,-2.3942527976770105,-2.3942527976770105,-2.3942527976770105,-2.3942527976770105,-2.3942527976770105,0.0,0.0,0.0,170.16725182192533
41,2021-09-22,172.57309182581474,158.63804143898747,181.5758156420628,172.57309182581474,172.57309182581474,-2.2855600921921972,-2.2855600921921972,-2.2855600921921972,-2.2855600921921972,-2.2855600921921972,-2.2855600921921972,0.0,0.0,0.0,170.28753173362256
42,2021-09-23,172.58467903202714,157.76624054491177,182.4334509989591,172.58467903202714,172.58467903202714,-2.5246146839903396,-2.5246146839903396,-2.5246146839903396,-2.5246146839903396,-2.5246146839903396,-2.5246146839903396,0.0,0.0,0.0,170.0600643480368
43,2021-09-24,172.5962662382395,157.08019526790048,181.3741726896945,172.5962662382395,172.5962662382395,-3.0924607503785007,-3.0924607503785007,-3.0924607503785007,-3.0924607503785007,-3.0924607503785007,-3.0924607503785007,0.0,0.0,0.0,169.503805487861
44,2021-09-27,172.6310278568767,158.07076995728394,181.59748964945888,172.6310278568767,172.6310278568767,-2.541215299347653,-2.541215299347653,-2.541215299347653,-2.541215299347653,-2.541215299347653,-2.541215299347653,0.0,0.0,0.0,170.08981255752906
45,2021-09-28,172.6426150630891,157.8119753298864,182.69478462453247,172.6426150630891,172.6426150630891,-2.3942527976785146,-2.3942527976785146,-2.3942527976785146,-2.3942527976785146,-2.3942527976785146,-2.3942527976785146,0.0,0.0,0.0,170.24836226541058
46,2021-09-29,172.6542022693015,158.04528805906844,182.63801438594837,172.6542022693015,172.6542022693015,-2.285560092192452,-2.285560092192452,-2.285560092192452,-2.285560092192452,-2.285560092192452,-2.285560092192452,0.0,0.0,0.0,170.36864217710905
47,2021-09-30,172.66578947551386,157.40174512309497,182.57786173135293,172.66578947551386,172.66578947551386,-2.5246146839900874,-2.5246146839900874,-2.5246146839900874,-2.5246146839900874,-2.5246146839900874,-2.5246146839900874,0.0,0.0,0.0,170.14117479152378
48,2021-10-01,172.67737668172626,157.53765586021996,182.0476089283226,172.67737668172626,172.67737668172626,-3.092460750365851,-3.092460750365851,-3.092460750365851,-3.092460750365851,-3.092460750365851,-3.092460750365851,0.0,0.0,0.0,169.5849159313604
49,2021-10-04,172.7121382805741,157.6552144213671,182.66467410995585,172.7121382805741,172.7121382805741,-2.5412152993541666,-2.5412152993541666,-2.5412152993541666,-2.5412152993541666,-2.5412152993541666,-2.5412152993541666,0.0,0.0,0.0,170.17092298121992
50,2021-10-05,172.72372548019004,157.4610171967784,182.77719872536198,172.72372548019004,172.72372548019004,-2.394252797680019,-2.394252797680019,-2.394252797680019,-2.394252797680019,-2.394252797680019,-2.394252797680019,0.0,0.0,0.0,170.32947268251002
51,2021-10-06,172.73531267980601,158.13276762556248,182.18021372926373,172.73531267980601,172.73531267980601,-2.2855600921919303,-2.2855600921919303,-2.2855600921919303,-2.2855600921919303,-2.2855600921919303,-2.2855600921919303,0.0,0.0,0.0,170.44975258761409
52,2021-10-07,172.74689987942193,158.3866619264399,182.28763009267422,172.74689987942193,172.74689987942193,-2.5246146839929433,-2.5246146839929433,-2.5246146839929433,-2.5246146839929433,-2.5246146839929433,-2.5246146839929433,0.0,0.0,0.0,170.22228519542898
53,2021-10-08,172.75848707903788,157.9160536896884,182.46883174373332,172.75848707903788,172.75848707903788,-3.092460750392496,-3.092460750392496,-3.092460750392496,-3.092460750392496,-3.092460750392496,-3.092460750392496,0.0,0.0,0.0,169.6660263286454
54,2021-10-11,172.79324867788574,158.39199461263306,183.13374956003895,172.79324867788574,172.79324867788574,-2.5412152993340196,-2.5412152993340196,-2.5412152993340196,-2.5412152993340196,-2.5412152993340196,-2.5412152993340196,0.0,0.0,0.0,170.25203337855172
55,2021-10-12,172.8048358775017,157.5398975669615,182.5179253620757,172.8048358775017,172.8048358775017,-2.3942527976770136,-2.3942527976770136,-2.3942527976770136,-2.3942527976770136,-2.3942527976770136,-2.3942527976770136,0.0,0.0,0.0,170.41058307982468
56,2021-10-13,172.81642307711766,157.3259802959523,181.28275188947336,172.81642307711766,172.81642307711766,-2.2855600921929633,-2.2855600921929633,-2.2855600921929633,-2.2855600921929633,-2.2855600921929633,-2.2855600921929633,0.0,0.0,0.0,170.5308629849247
57,2021-10-14,172.82801027373156,156.44441831778738,182.82456701636713,172.82801027373156,172.82801027373156,-2.5246146839839674,-2.5246146839839674,-2.5246146839839674,-2.5246146839839674,-2.5246146839839674,-2.5246146839839674,0.0,0.0,0.0,170.3033955897476
58,2021-10-15,172.8395974703455,157.9271995619941,181.64256904887375,172.8395974703455,172.8395974703455,-3.092460750379848,-3.092460750379848,-3.092460750379848,-3.092460750379848,-3.092460750379848,-3.092460750379848,0.0,0.0,0.0,169.74713671996565
59,2021-10-18,172.8743590601873,158.05438599531863,182.28388847984658,172.8743590601873,172.8743590601873,-2.5412152993405335,-2.5412152993405335,-2.5412152993405335,-2.5412152993405335,-2.5412152993405335,-2.5412152993405335,0.0,0.0,0.0,170.33314376084675
60,2021-10-19,172.88594625680125,158.21130080048925,181.38278528320387,172.88594625680125,172.88594625680125,-2.394252797689418,-2.394252797689418,-2.394252797689418,-2.394252797689418,-2.394252797689418,-2.394252797689418,0.0,0.0,0.0,170.49169345911184
61,2021-10-20,172.89753345341515,158.55508953189002,183.7073237595293,172.89753345341515,172.89753345341515,-2.285560092192441,-2.285560092192441,-2.285560092192441,-2.285560092192441,-2.285560092192441,-2.285560092192441,0.0,0.0,0.0,170.6119733612227
62,2021-10-21,172.90912065002908,158.8426916566406,182.35623908749332,172.90912065002908,172.90912065002908,-2.5246146839868233,-2.5246146839868233,-2.5246146839868233,-2.5246146839868233,-2.5246146839868233,-2.5246146839868233,0.0,0.0,0.0,170.38450596604227
63,2021-10-22,172.920707846643,158.7419932329118,182.64107834970565,172.920707846643,172.920707846643,-3.092460750379955,-3.092460750379955,-3.092460750379955,-3.092460750379955,-3.092460750379955,-3.092460750379955,0.0,0.0,0.0,169.82824709626306
64,2021-10-25,172.9554694364848,158.85733748318046,182.2266033010138,172.9554694364848,172.9554694364848,-2.5412152993470474,-2.5412152993470474,-2.5412152993470474,-2.5412152993470474,-2.5412152993470474,-2.5412152993470474,0.0,0.0,0.0,170.41425413713776
65,2021-10-26,172.96705663076875,158.89682534062317,182.3344168119644,172.96705663076875,172.96705663076875,-2.3942527976819017,-2.3942527976819017,-2.3942527976819017,-2.3942527976819017,-2.3942527976819017,-2.3942527976819017,0.0,0.0,0.0,170.57280383308685
66,2021-10-27,172.97864382505267,159.46294790472808,183.41731660946627,172.97864382505267,172.97864382505267,-2.2855600921919175,-2.2855600921919175,-2.2855600921919175,-2.2855600921919175,-2.2855600921919175,-2.2855600921919175,0.0,0.0,0.0,170.69308373286074
67,2021-10-28,172.99023101933662,158.71875303542217,183.3971592680911,172.99023101933662,172.99023101933662,-2.524614683989679,-2.524614683989679,-2.524614683989679,-2.524614683989679,-2.524614683989679,-2.524614683989679,0.0,0.0,0.0,170.46561633534694
68,2021-10-29,173.00181821362054,157.95995383155847,182.43664020371477,173.00181821362054,173.00181821362054,-3.0924607503736854,-3.0924607503736854,-3.0924607503736854,-3.0924607503736854,-3.0924607503736854,-3.0924607503736854,0.0,0.0,0.0,169.90935746324686
69,2021-11-01,173.03657979647235,157.72872224895104,182.04158766630164,173.03657979647235,173.03657979647235,-2.5412152993535613,-2.5412152993535613,-2.5412152993535613,-2.5412152993535613,-2.5412152993535613,-2.5412152993535613,0.0,0.0,0.0,170.4953644971188
70,2021-11-02,173.0481669907563,158.95535487272275,183.09936526168673,173.0481669907563,173.0481669907563,-2.394252797683406,-2.394252797683406,-2.394252797683406,-2.394252797683406,-2.394252797683406,-2.394252797683406,0.0,0.0,0.0,170.6539141930729
71,2021-11-03,173.05975418504022,158.6304543843065,183.23546254231124,173.05975418504022,173.05975418504022,-2.2855600921921733,-2.2855600921921733,-2.2855600921921733,-2.2855600921921733,-2.2855600921921733,-2.2855600921921733,0.0,0.0,0.0,170.77419409284803
72,2021-11-04,173.07134137932414,158.14358555934183,182.49682988221565,173.07134137932414,173.07134137932414,-2.524614683980703,-2.524614683980703,-2.524614683980703,-2.524614683980703,-2.524614683980703,-2.524614683980703,0.0,0.0,0.0,170.54672669534344
73,2021-11-05,173.0825181236805,157.625656371091,181.86783126231,173.0825181236805,173.0825181236805,-3.0924607503674153,-3.0924607503674153,-3.0924607503674153,-3.0924607503674153,-3.0924607503674153,-3.0924607503674153,0.0,0.0,0.0,169.99005737331308
74,2021-11-08,173.11604835674953,158.9602178324615,182.91951805609042,173.11604835674953,173.11604835674953,-2.5412152993527255,-2.5412152993527255,-2.5412152993527255,-2.5412152993527255,-2.5412152993527255,-2.5412152993527255,0.0,0.0,0.0,170.5748330573968
75,2021-11-09,173.1272251011059,158.77948581752727,182.42257158936613,173.1272251011059,173.1272251011059,-2.3942527976804002,-2.3942527976804002,-2.3942527976804002,-2.3942527976804002,-2.3942527976804002,-2.3942527976804002,0.0,0.0,0.0,170.7329723034255
76,2021-11-10,173.13840184546225,159.16849605658967,183.00778130994993,173.13840184546225,173.13840184546225,-2.285560092191219,-2.285560092191219,-2.285560092191219,-2.285560092191219,-2.285560092191219,-2.285560092191219,0.0,0.0,0.0,170.85284175327104
77,2021-11-11,173.14957858981862,157.97205915150747,182.65242084681066,173.14957858981862,173.14957858981862,-2.5246146839804506,-2.5246146839804506,-2.5246146839804506,-2.5246146839804506,-2.5246146839804506,-2.5246146839804506,0.0,0.0,0.0,170.62496390583817
78,2021-11-12,173.16075533417495,158.01281636820167,182.63428108621437,173.16075533417495,173.16075533417495,-3.0924607503611448,-3.0924607503611448,-3.0924607503611448,-3.0924607503611448,-3.0924607503611448,-3.0924607503611448,0.0,0.0,0.0,170.0682945838138
79,2021-11-15,173.19428556724398,157.87841723217286,182.65159139502055,173.19428556724398,173.19428556724398,-2.5412152993325794,-2.5412152993325794,-2.5412152993325794,-2.5412152993325794,-2.5412152993325794,-2.5412152993325794,0.0,0.0,0.0,170.6530702679114
80,2021-11-16,173.20546231160037,159.2936459472761,182.9076895465749,173.20546231160037,173.20546231160037,-2.3942527976773937,-2.3942527976773937,-2.3942527976773937,-2.3942527976773937,-2.3942527976773937,-2.3942527976773937,0.0,0.0,0.0,170.811209513923
81,2021-11-17,173.17178294119577,159.43826407670954,183.80075140267485,173.17178294119577,173.17178294119577,-2.2855600921922528,-2.2855600921922528,-2.2855600921922528,-2.2855600921922528,-2.2855600921922528,-2.2855600921922528,0.0,0.0,0.0,170.88622284900353
82,2021-11-18,173.1381035707912,159.30246269863926,183.63143556962018,173.1381035707912,173.1381035707912,-2.524614683986415,-2.524614683986415,-2.524614683986415,-2.524614683986415,-2.524614683986415,-2.524614683986415,0.0,0.0,0.0,170.6134888868048
83,2021-11-19,173.1044242003866,157.65645897701603,182.5590380818062,173.1044242003866,173.1044242003866,-3.0924607503612527,-3.0924607503612527,-3.0924607503612527,-3.0924607503612527,-3.0924607503612527,-3.0924607503612527,0.0,0.0,0.0,170.01196345002535
84,2021-11-22,173.00338608917286,158.16002153950123,182.32669589082028,173.00338608917286,173.00338608917286,-2.541215299331744,-2.541215299331744,-2.541215299331744,-2.541215299331744,-2.541215299331744,-2.541215299331744,0.0,0.0,0.0,170.4621707898411
85,2021-11-23,172.96970671876826,158.2606462700666,182.91733940240252,172.96970671876826,172.96970671876826,-2.3942527976743886,-2.3942527976743886,-2.3942527976743886,-2.3942527976743886,-2.3942527976743886,-2.3942527976743886,0.0,0.0,0.0,170.57545392109387
86,2021-11-24,172.9360273483637,157.2118682052194,182.42948980801137,172.9360273483637,172.9360273483637,-2.2855600921917305,-2.2855600921917305,-2.2855600921917305,-2.2855600921917305,-2.2855600921917305,-2.2855600921917305,0.0,0.0,0.0,170.65046725617196
87,2021-11-26,172.86866860755453,157.7971666050385,182.0367380827089,172.86866860755453,172.86866860755453,-3.092460750381519,-3.092460750381519,-3.092460750381519,-3.092460750381519,-3.092460750381519,-3.092460750381519,0.0,0.0,0.0,169.776207857173
88,2021-11-29,172.76763049634076,157.49416670984434,182.27464626216383,172.76763049634076,172.76763049634076,-2.5412152993456063,-2.5412152993456063,-2.5412152993456063,-2.5412152993456063,-2.5412152993456063,-2.5412152993456063,0.0,0.0,0.0,170.22641519699516
89,2021-11-30,172.65902516018724,157.98010010828656,182.86665274715105,172.65902516018724,172.65902516018724,-2.3942527976758936,-2.3942527976758936,-2.3942527976758936,-2.3942527976758936,-2.3942527976758936,-2.3942527976758936,0.0,0.0,0.0,170.26477236251134
90,2021-12-01,172.55041982403375,157.54247200335658,182.82336135113758,172.55041982403375,172.55041982403375,-2.285560092192333,-2.285560092192333,-2.285560092192333,-2.285560092192333,-2.285560092192333,-2.285560092192333,0.0,0.0,0.0,170.26485973184143
91,2021-12-02,172.44181448788027,157.81866038451534,181.40136335596446,172.44181448788027,172.44181448788027,-2.5246146839859107,-2.5246146839859107,-2.5246146839859107,-2.5246146839859107,-2.5246146839859107,-2.5246146839859107,0.0,0.0,0.0,169.91719980389436
92,2021-12-03,172.33320915172675,157.88959064790143,182.80182486279625,172.33320915172675,172.33320915172675,-3.0924607503816275,-3.0924607503816275,-3.0924607503816275,-3.0924607503816275,-3.0924607503816275,-3.0924607503816275,0.0,0.0,0.0,169.24074840134512
93,2021-12-06,172.00739314326626,156.7473930127262,181.89378483974642,172.00739314326626,172.00739314326626,-2.541215299344772,-2.541215299344772,-2.541215299344772,-2.541215299344772,-2.541215299344772,-2.541215299344772,0.0,0.0,0.0,169.46617784392149
94,2021-12-07,171.89878780711277,156.98194225918826,180.61808901514428,171.89878780711277,171.89878780711277,-2.3942527976837864,-2.3942527976837864,-2.3942527976837864,-2.3942527976837864,-2.3942527976837864,-2.3942527976837864,0.0,0.0,0.0,169.504535009429
95,2021-12-08,171.79018247095928,157.05972816505647,182.11780524313775,171.79018247095928,171.79018247095928,-2.2855600921918096,-2.2855600921918096,-2.2855600921918096,-2.2855600921918096,-2.2855600921918096,-2.2855600921918096,0.0,0.0,0.0,169.50462237876746
96,2021-12-09,171.6815771348058,156.45072748501366,180.73693419614335,171.6815771348058,171.6815771348058,-2.524614683991874,-2.524614683991874,-2.524614683991874,-2.524614683991874,-2.524614683991874,-2.524614683991874,0.0,0.0,0.0,169.15696245081392
97,2021-12-10,171.50723337746075,155.85334924178184,181.41743786730072,171.50723337746075,171.50723337746075,-3.092460750368979,-3.092460750368979,-3.092460750368979,-3.092460750368979,-3.092460750368979,-3.092460750368979,0.0,0.0,0.0,168.41477262709176
98,2021-12-13,170.98420210542565,155.59532633205663,180.48282572371627,170.98420210542565,170.98420210542565,-2.5412152993439356,-2.5412152993439356,-2.5412152993439356,-2.5412152993439356,-2.5412152993439356,-2.5412152993439356,0.0,0.0,0.0,168.4429868060817
99,2021-12-14,170.80985834808064,156.01202384151068,180.0311178961783,170.80985834808064,170.80985834808064,-2.3942527976852923,-2.3942527976852923,-2.3942527976852923,-2.3942527976852923,-2.3942527976852923,-2.3942527976852923,0.0,0.0,0.0,168.41560555039536
100,2021-12-15,170.63551459073557,156.0231511921929,180.35697891275964,170.63551459073557,170.63551459073557,-2.2855600921920654,-2.2855600921920654,-2.2855600921920654,-2.2855600921920654,-2.2855600921920654,-2.2855600921920654,0.0,0.0,0.0,168.3499544985435
101,2021-12-16,170.46117083339053,155.24272376113126,179.7215268050612,170.46117083339053,170.46117083339053,-2.5246146839916217,-2.5246146839916217,-2.5246146839916217,-2.5246146839916217,-2.5246146839916217,-2.5246146839916217,0.0,0.0,0.0,167.9365561493989
102,2021-12-17,170.2868270760455,155.45351775817335,179.6517361814814,170.2868270760455,170.2868270760455,-3.0924607503690864,-3.0924607503690864,-3.0924607503690864,-3.0924607503690864,-3.0924607503690864,-3.0924607503690864,0.0,0.0,0.0,167.1943663256764
103,2021-12-20,169.7637958040104,155.55271081098678,178.6667129993241,169.7637958040104,169.7637958040104,-2.541215299357799,-2.541215299357799,-2.541215299357799,-2.541215299357799,-2.541215299357799,-2.541215299357799,0.0,0.0,0.0,167.22258050465263
104,2021-12-21,169.5584092762677,153.94401599198162,179.58795385239569,169.5584092762677,169.5584092762677,-2.3942527976777757,-2.3942527976777757,-2.3942527976777757,-2.3942527976777757,-2.3942527976777757,-2.3942527976777757,0.0,0.0,0.0,167.16415647858992
105,2021-12-22,169.35302274852498,155.94567853437766,179.77319283821583,169.35302274852498,169.35302274852498,-2.285560092192321,-2.285560092192321,-2.285560092192321,-2.285560092192321,-2.285560092192321,-2.285560092192321,0.0,0.0,0.0,167.06746265633265
106,2021-12-23,169.14763622078226,154.72117892622614,178.67289503691762,169.14763622078226,169.14763622078226,-2.524614683982646,-2.524614683982646,-2.524614683982646,-2.524614683982646,-2.524614683982646,-2.524614683982646,0.0,0.0,0.0,166.62302153679963
107,2021-12-27,168.32609010981136,154.028589940858,177.4922843720906,168.32609010981136,168.32609010981136,-2.541215299356963,-2.541215299356963,-2.541215299356963,-2.541215299356963,-2.541215299356963,-2.541215299356963,0.0,0.0,0.0,165.7848748104544
108,2021-12-28,168.12070358206864,153.5374198877569,178.45508346486875,168.12070358206864,168.12070358206864,-2.394252797685669,-2.394252797685669,-2.394252797685669,-2.394252797685669,-2.394252797685669,-2.394252797685669,0.0,0.0,0.0,165.72645078438296
109,2021-12-29,167.91531705432593,153.62869509971063,178.13189880477267,167.91531705432593,167.91531705432593,-2.285560092192576,-2.285560092192576,-2.285560092192576,-2.285560092192576,-2.285560092192576,-2.285560092192576,0.0,0.0,0.0,165.62975696213334
110,2021-12-30,167.70993052658318,153.36052883168702,176.503607925873,167.70993052658318,167.70993052658318,-2.524614683982394,-2.524614683982394,-2.524614683982394,-2.524614683982394,-2.524614683982394,-2.524614683982394,0.0,0.0,0.0,165.18531584260077
111,2021-12-31,167.50454399884043,152.75515668188248,176.38048713145878,167.50454399884043,167.50454399884043,-3.0924607503565453,-3.0924607503565453,-3.0924607503565453,-3.0924607503565453,-3.0924607503565453,-3.0924607503565453,0.0,0.0,0.0,164.4120832484839
112,2022-01-03,166.88838440841732,152.8212999428941,177.11470362400695,166.88838440841732,166.88838440841732,-2.541215299336817,-2.541215299336817,-2.541215299336817,-2.541215299336817,-2.541215299336817,-2.541215299336817,0.0,0.0,0.0,164.3471691090805
113,2022-01-04,166.68299787827627,152.49617320983123,176.22992986087988,166.68299787827627,166.68299787827627,-2.3942527976826633,-2.3942527976826633,-2.3942527976826633,-2.3942527976826633,-2.3942527976826633,-2.3942527976826633,0.0,0.0,0.0,164.2887450805936
114,2022-01-05,166.47761134813524,151.83084733259474,176.32874272156047,166.47761134813524,166.47761134813524,-2.2855600921920534,-2.2855600921920534,-2.2855600921920534,-2.2855600921920534,-2.2855600921920534,-2.2855600921920534,0.0,0.0,0.0,164.1920512559432
115,2022-01-06,166.2722248179942,152.0730229413575,175.8708845537753,166.2722248179942,166.2722248179942,-2.5246146839852504,-2.5246146839852504,-2.5246146839852504,-2.5246146839852504,-2.5246146839852504,-2.5246146839852504,0.0,0.0,0.0,163.74761013400897
116,2022-01-07,166.06683828785316,150.2761659103504,175.68388880932557,166.06683828785316,166.06683828785316,-3.0924607503566546,-3.0924607503566546,-3.0924607503566546,-3.0924607503566546,-3.0924607503566546,-3.0924607503566546,0.0,0.0,0.0,162.9743775374965
117,2022-01-10,165.45067869743005,150.52456456816546,175.86045394039454,165.45067869743005,165.45067869743005,-2.541215299335982,-2.541215299335982,-2.541215299335982,-2.541215299335982,-2.541215299335982,-2.541215299335982,0.0,0.0,0.0,162.90946339809406
118,2022-01-11,165.245292167289,149.75802415024035,175.67817905046311,165.245292167289,165.245292167289,-2.394252797684168,-2.394252797684168,-2.394252797684168,-2.394252797684168,-2.394252797684168,-2.394252797684168,0.0,0.0,0.0,162.85103936960482
119,2022-01-12,165.03990563714797,152.07010427725442,176.1161688038409,165.03990563714797,165.03990563714797,-2.285560092193087,-2.285560092193087,-2.285560092193087,-2.285560092193087,-2.285560092193087,-2.285560092193087,0.0,0.0,0.0,162.75434554495487
120,2022-01-13,164.83451911806324,150.3000424005289,174.0540656083936,164.83451911806324,164.83451911806324,-2.524614683988106,-2.524614683988106,-2.524614683988106,-2.524614683988106,-2.524614683988106,-2.524614683988106,0.0,0.0,0.0,162.30990443407512
121,2022-01-14,164.62913259897852,148.85733327390736,173.700176219526,164.62913259897852,164.62913259897852,-3.092460750370542,-3.092460750370542,-3.092460750370542,-3.092460750370542,-3.092460750370542,-3.092460750370542,0.0,0.0,0.0,161.53667184860797
122,2022-01-18,163.80758652263958,148.72010190064523,174.96991566253962,163.80758652263958,163.80758652263958,-2.394252797685673,-2.394252797685673,-2.394252797685673,-2.394252797685673,-2.394252797685673,-2.394252797685673,0.0,0.0,0.0,161.4133337249539
123,2022-01-19,163.60220000355486,148.08723033505586,173.54932823156778,163.60220000355486,163.60220000355486,-2.285560092192133,-2.285560092192133,-2.285560092192133,-2.285560092192133,-2.285560092192133,-2.285560092192133,0.0,0.0,0.0,161.31663991136273
124,2022-01-20,163.39681348447013,148.41857195300037,172.46533210026655,163.39681348447013,163.39681348447013,-2.5246146839909613,-2.5246146839909613,-2.5246146839909613,-2.5246146839909613,-2.5246146839909613,-2.5246146839909613,0.0,0.0,0.0,160.87219880047917
125,2022-01-21,163.1914269653854,147.43201767195893,171.992812126549,163.1914269653854,163.1914269653854,-3.09246075037065,-3.09246075037065,-3.09246075037065,-3.09246075037065,-3.09246075037065,-3.09246075037065,0.0,0.0,0.0,160.09896621501474
126,2022-01-24,162.57526740813123,148.49967287067042,171.9826030701047,162.57526740813123,162.57526740813123,-2.5412152993296973,-2.5412152993296973,-2.5412152993296973,-2.5412152993296973,-2.5412152993296973,-2.5412152993296973,0.0,0.0,0.0,160.03405210880152
127,2022-01-25,162.3698808890465,147.33940669761347,172.32184381466223,162.3698808890465,162.3698808890465,-2.3942527976781567,-2.3942527976781567,-2.3942527976781567,-2.3942527976781567,-2.3942527976781567,-2.3942527976781567,0.0,0.0,0.0,159.97562809136835
128,2022-01-26,162.1644943695234,147.33602418322462,171.2955563277411,162.1644943695234,162.1644943695234,-2.2855600921923886,-2.2855600921923886,-2.2855600921923886,-2.2855600921923886,-2.2855600921923886,-2.2855600921923886,0.0,0.0,0.0,159.878934277331
129,2022-01-27,161.95910785000032,147.62803718952776,172.18737683575975,161.95910785000032,161.95910785000032,-2.524614683990709,-2.524614683990709,-2.524614683990709,-2.524614683990709,-2.524614683990709,-2.524614683990709,0.0,0.0,0.0,159.43449316600962
130,2022-01-28,161.75372133047728,146.65966223874645,170.83695039162174,161.75372133047728,161.75372133047728,-3.0924607503643795,-3.0924607503643795,-3.0924607503643795,-3.0924607503643795,-3.0924607503643795,-3.0924607503643795,0.0,0.0,0.0,158.6612605801129
131,2022-01-31,161.13756177190803,146.5401553884503,170.61482800629668,161.13756177190803,161.13756177190803,-2.5412152993362116,-2.5412152993362116,-2.5412152993362116,-2.5412152993362116,-2.5412152993362116,-2.5412152993362116,0.0,0.0,0.0,158.5963464725718
132,2022-02-01,160.93217525238495,146.34527656249864,169.95395187748107,160.93217525238495,160.93217525238495,-2.394252797679661,-2.394252797679661,-2.394252797679661,-2.394252797679661,-2.394252797679661,-2.394252797679661,0.0,0.0,0.0,158.5379224547053
133,2022-02-02,160.72678873286185,146.4741430697553,171.34907529962172,160.72678873286185,160.72678873286185,-2.285560092191866,-2.285560092191866,-2.285560092191866,-2.285560092191866,-2.285560092191866,-2.285560092191866,0.0,0.0,0.0,158.44122864066998
134,2022-02-03,160.52140221333877,145.77470387018593,169.15878395026243,160.52140221333877,160.52140221333877,-2.5246146839966728,-2.5246146839966728,-2.5246146839966728,-2.5246146839966728,-2.5246146839966728,-2.5246146839966728,0.0,0.0,0.0,157.9967875293421
135,2022-02-04,160.31601569381567,144.89030544070064,168.84760430121753,160.31601569381567,160.31601569381567,-3.0924607503846455,-3.0924607503846455,-3.0924607503846455,-3.0924607503846455,-3.0924607503846455,-3.0924607503846455,0.0,0.0,0.0,157.22355494343103
136,2022-02-07,159.69985612663982,144.70426921656983,169.44119392645192,159.69985612663982,159.69985612663982,-2.541215299335376,-2.541215299335376,-2.541215299335376,-2.541215299335376,-2.541215299335376,-2.541215299335376,0.0,0.0,0.0,157.15864082730445
137,2022-02-08,159.49446960424785,144.98989600753822,169.00364384583852,159.49446960424785,159.49446960424785,-2.394252797676655,-2.394252797676655,-2.394252797676655,-2.394252797676655,-2.394252797676655,-2.394252797676655,0.0,0.0,0.0,157.1002168065712
138,2022-02-09,159.2890830818559,144.46171849225559,169.03956460212143,159.2890830818559,159.2890830818559,-2.2855600921913437,-2.2855600921913437,-2.2855600921913437,-2.2855600921913437,-2.2855600921913437,-2.2855600921913437,0.0,0.0,0.0,157.00352298966456
139,2022-02-10,159.08369655946393,144.52192029468304,168.57284507421429,159.08369655946393,159.08369655946393,-2.524614683984589,-2.524614683984589,-2.524614683984589,-2.524614683984589,-2.524614683984589,-2.524614683984589,0.0,0.0,0.0,156.55908187547934
140,2022-02-11,158.878310037072,143.73829051872318,166.3524513447858,158.878310037072,158.878310037072,-3.092460750378375,-3.092460750378375,-3.092460750378375,-3.092460750378375,-3.092460750378375,-3.092460750378375,0.0,0.0,0.0,155.78584928669363
141,2022-02-14,158.2621504698961,143.51272485824444,168.08731208921006,158.2621504698961,158.2621504698961,-2.5412152993418897,-2.5412152993418897,-2.5412152993418897,-2.5412152993418897,-2.5412152993418897,-2.5412152993418897,0.0,0.0,0.0,155.7209351705542
142,2022-02-15,158.05676394750415,143.52600820928913,167.40002358729603,158.05676394750415,158.05676394750415,-2.3942527976845485,-2.3942527976845485,-2.3942527976845485,-2.3942527976845485,-2.3942527976845485,-2.3942527976845485,0.0,0.0,0.0,155.6625111498196
143,2022-02-16,157.85137742511216,142.84720990715616,167.741772973866,157.85137742511216,157.85137742511216,-2.285560092192377,-2.285560092192377,-2.285560092192377,-2.285560092192377,-2.285560092192377,-2.285560092192377,0.0,0.0,0.0,155.56581733291978
144,2022-02-17,157.64599089541912,142.85848304825512,167.4092609942882,157.64599089541912,157.64599089541912,-2.524614683990553,-2.524614683990553,-2.524614683990553,-2.524614683990553,-2.524614683990553,-2.524614683990553,0.0,0.0,0.0,155.12137621142855
145,2022-02-18,157.44060436572607,142.5245871314728,166.8670787090353,157.44060436572607,157.44060436572607,-3.0924607503784842,-3.0924607503784842,-3.0924607503784842,-3.0924607503784842,-3.0924607503784842,-3.0924607503784842,0.0,0.0,0.0,154.3481436153476
146,2022-02-22,156.61905824695387,141.01310410774352,166.67720167797674,156.61905824695387,156.61905824695387,-2.394252797681543,-2.394252797681543,-2.394252797681543,-2.394252797681543,-2.394252797681543,-2.394252797681543,0.0,0.0,0.0,154.22480544927234
147,2022-02-23,156.4136717172608,141.75983316373313,166.64038998989813,156.4136717172608,156.4136717172608,-2.2855600921918544,-2.2855600921918544,-2.2855600921918544,-2.2855600921918544,-2.2855600921918544,-2.2855600921918544,0.0,0.0,0.0,154.12811162506895
148,2022-02-24,156.20828518756775,140.59352495671556,166.2529520137085,156.20828518756775,156.20828518756775,-2.5246146839903014,-2.5246146839903014,-2.5246146839903014,-2.5246146839903014,-2.5246146839903014,-2.5246146839903014,0.0,0.0,0.0,153.68367050357745
149,2022-02-25,156.00289865787468,140.9478149482321,163.9766101544414,156.00289865787468,156.00289865787468,-3.0924607503722137,-3.0924607503722137,-3.0924607503722137,-3.0924607503722137,-3.0924607503722137,-3.0924607503722137,0.0,0.0,0.0,152.91043790750246
150,2022-02-28,155.38673906879552,139.66439451636555,164.64428626801288,155.38673906879552,155.38673906879552,-2.541215299354918,-2.541215299354918,-2.541215299354918,-2.541215299354918,-2.541215299354918,-2.541215299354918,0.0,0.0,0.0,152.8455237694406
151,2022-03-01,155.18135253910245,141.57953026022716,164.85977440587936,155.18135253910245,155.18135253910245,-2.3942527976830474,-2.3942527976830474,-2.3942527976830474,-2.3942527976830474,-2.3942527976830474,-2.3942527976830474,0.0,0.0,0.0,152.7870997414194
152,2022-03-02,154.97596600453562,140.65906409368907,165.05347094746983,154.97596600453562,154.97596600453562,-2.2855600921921098,-2.2855600921921098,-2.2855600921921098,-2.2855600921921098,-2.2855600921921098,-2.2855600921921098,0.0,0.0,0.0,152.69040591234352
153,2022-03-03,154.7705794699688,140.47879374066855,164.2668080505131,154.7705794699688,154.7705794699688,-2.524614683981325,-2.524614683981325,-2.524614683981325,-2.524614683981325,-2.524614683981325,-2.524614683981325,0.0,0.0,0.0,152.24596478598747
154,2022-03-04,154.56519293540197,140.42908961863688,163.65838732990522,154.56519293540197,154.56519293540197,-3.092460750372321,-3.092460750372321,-3.092460750372321,-3.092460750372321,-3.092460750372321,-3.092460750372321,0.0,0.0,0.0,151.47273218502966
155,2022-03-07,153.94903333170146,139.03713795862305,163.8220884483887,153.94903333170146,153.94903333170146,-2.5412152993540826,-2.5412152993540826,-2.5412152993540826,-2.5412152993540826,-2.5412152993540826,-2.5412152993540826,0.0,0.0,0.0,151.40781803234736
156,2022-03-08,153.74364679713463,139.0487857759652,163.67628200083024,153.74364679713463,153.74364679713463,-2.3942527976800414,-2.3942527976800414,-2.3942527976800414,-2.3942527976800414,-2.3942527976800414,-2.3942527976800414,0.0,0.0,0.0,151.34939399945458
157,2022-03-09,153.5382602625678,139.0746360547881,163.6703319830233,153.5382602625678,153.5382602625678,-2.2855600921919335,-2.2855600921919335,-2.2855600921919335,-2.2855600921919335,-2.2855600921919335,-2.2855600921919335,0.0,0.0,0.0,151.25270017037587
158,2022-03-10,153.33287372800098,138.34010917073547,162.28379381350433,153.33287372800098,153.33287372800098,-2.5246146839841805,-2.5246146839841805,-2.5246146839841805,-2.5246146839841805,-2.5246146839841805,-2.5246146839841805,0.0,0.0,0.0,150.8082590440168
159,2022-03-11,153.1274871934342,137.45985383976202,163.150683456479,153.1274871934342,153.1274871934342,-3.0924607503596726,-3.0924607503596726,-3.0924607503596726,-3.0924607503596726,-3.0924607503596726,-3.0924607503596726,0.0,0.0,0.0,150.03502644307454
160,2022-03-14,152.51132753858718,137.65866290628563,162.73066423854317,152.51132753858718,152.51132753858718,-2.541215299333935,-2.541215299333935,-2.541215299333935,-2.541215299333935,-2.541215299333935,-2.541215299333935,0.0,0.0,0.0,149.97011223925324
161,2022-03-15,152.3059409869715,137.59430819995652,162.5247177428983,152.3059409869715,152.3059409869715,-2.394252797681547,-2.394252797681547,-2.394252797681547,-2.394252797681547,-2.394252797681547,-2.394252797681547,0.0,0.0,0.0,149.91168818928995
162,2022-03-16,152.10055443535583,137.47152706652602,162.24041787024677,152.10055443535583,152.10055443535583,-2.2855600921921893,-2.2855600921921893,-2.2855600921921893,-2.2855600921921893,-2.2855600921921893,-2.2855600921921893,0.0,0.0,0.0,149.81499434316365
163,2022-03-17,151.89516788374016,136.6175026536144,160.77456928426543,151.89516788374016,151.89516788374016,-2.524614683987037,-2.524614683987037,-2.524614683987037,-2.524614683987037,-2.524614683987037,-2.524614683987037,0.0,0.0,0.0,149.37055319975312
164,2022-03-18,151.68978133212448,135.46220988257275,160.45797131057097,151.68978133212448,151.68978133212448,-3.092460750359781,-3.092460750359781,-3.092460750359781,-3.092460750359781,-3.092460750359781,-3.092460750359781,0.0,0.0,0.0,148.5973205817647
165,2022-03-21,151.07362167727746,136.13179063899145,160.98279893993546,151.07362167727746,151.07362167727746,-2.54121529934045,-2.54121529934045,-2.54121529934045,-2.54121529934045,-2.54121529934045,-2.54121529934045,0.0,0.0,0.0,148.532406377937
166,2022-03-22,150.86823512566178,136.4654958115446,160.51345368723346,150.86823512566178,150.86823512566178,-2.39425279767403,-2.39425279767403,-2.39425279767403,-2.39425279767403,-2.39425279767403,-2.39425279767403,0.0,0.0,0.0,148.47398232798776
167,2022-03-23,150.6628485740461,135.9878536779296,160.39538056487316,150.6628485740461,150.6628485740461,-2.285560092192444,-2.285560092192444,-2.285560092192444,-2.285560092192444,-2.285560092192444,-2.285560092192444,0.0,0.0,0.0,148.37728848185367
168,2022-03-24,150.3621045441015,134.70818497897642,160.08517667988866,150.3621045441015,150.3621045441015,-2.5246146839867847,-2.5246146839867847,-2.5246146839867847,-2.5246146839867847,-2.5246146839867847,-2.5246146839867847,0.0,0.0,0.0,147.83748986011472
169,2022-03-25,150.06136051415692,134.5487084659606,159.9092416158877,150.06136051415692,150.06136051415692,-3.092460750380047,-3.092460750380047,-3.092460750380047,-3.092460750380047,-3.092460750380047,-3.092460750380047,0.0,0.0,0.0,146.96889976377688
170,2022-03-28,149.1591284243231,134.80742766900227,158.77305153158224,149.1591284243231,149.1591284243231,-2.5412152993469634,-2.5412152993469634,-2.5412152993469634,-2.5412152993469634,-2.5412152993469634,-2.5412152993469634,0.0,0.0,0.0,146.61791312497613
171,2022-03-29,148.85838439437848,134.98803723811199,159.47026903510647,148.85838439437848,148.85838439437848,-2.3942527976755352,-2.3942527976755352,-2.3942527976755352,-2.3942527976755352,-2.3942527976755352,-2.3942527976755352,0.0,0.0,0.0,146.46413159670294
172,2022-03-30,148.55764036443387,134.50362661076866,158.2472994019348,148.55764036443387,148.55764036443387,-2.285560092192269,-2.285560092192269,-2.285560092192269,-2.285560092192269,-2.285560092192269,-2.285560092192269,0.0,0.0,0.0,146.2720802722416
173,2022-03-31,148.25689633448928,132.91871105055816,158.2471877219241,148.25689633448928,148.25689633448928,-2.524614683986533,-2.524614683986533,-2.524614683986533,-2.524614683986533,-2.524614683986533,-2.524614683986533,0.0,0.0,0.0,145.73228165050276
174,2022-04-01,147.95615230454467,132.54920003380442,157.2840339861465,147.95615230454467,147.95615230454467,-3.092460750373777,-3.092460750373777,-3.092460750373777,-3.092460750373777,-3.092460750373777,-3.092460750373777,0.0,0.0,0.0,144.86369155417088
175,2022-04-04,147.0539202147108,131.60234405117342,157.38584698405077,147.0539202147108,147.0539202147108,-2.541215299346128,-2.541215299346128,-2.541215299346128,-2.541215299346128,-2.541215299346128,-2.541215299346128,0.0,0.0,0.0,144.51270491536468
176,2022-04-05,146.6629917926276,132.1160841409519,156.55130300821847,146.6629917926276,146.6629917926276,-2.394252797683429,-2.394252797683429,-2.394252797683429,-2.394252797683429,-2.394252797683429,-2.394252797683429,0.0,0.0,0.0,144.26873899494416
177,2022-04-06,146.2720633705444,131.34690326710043,156.8457125425431,146.2720633705444,146.2720633705444,-2.285560092191746,-2.285560092191746,-2.285560092191746,-2.285560092191746,-2.285560092191746,-2.285560092191746,0.0,0.0,0.0,143.98650327835264
178,2022-04-07,145.88113494846124,130.32691894824572,154.90581383236312,145.88113494846124,145.88113494846124,-2.524614683989388,-2.524614683989388,-2.524614683989388,-2.524614683989388,-2.524614683989388,-2.524614683989388,0.0,0.0,0.0,143.35652026447184
179,2022-04-08,145.49020652637802,129.68859151781078,154.38333856173017,145.49020652637802,145.49020652637802,-3.0924607503675063,-3.0924607503675063,-3.0924607503675063,-3.0924607503675063,-3.0924607503675063,-3.0924607503675063,0.0,0.0,0.0,142.3977457760105
180,2022-04-11,144.31742126012844,128.6581251043613,153.76367621218265,144.31742126012844,144.31742126012844,-2.5412152993452923,-2.5412152993452923,-2.5412152993452923,-2.5412152993452923,-2.5412152993452923,-2.5412152993452923,0.0,0.0,0.0,141.77620596078316
181,2022-04-12,143.92649283804525,129.17915378961527,154.01241211366647,143.92649283804525,143.92649283804525,-2.394252797680423,-2.394252797680423,-2.394252797680423,-2.394252797680423,-2.394252797680423,-2.394252797680423,0.0,0.0,0.0,141.53224004036483
182,2022-04-13,143.53556441596206,129.28375622564965,154.15802837889046,143.53556441596206,143.53556441596206,-2.2855600921927794,-2.2855600921927794,-2.2855600921927794,-2.2855600921927794,-2.2855600921927794,-2.2855600921927794,0.0,0.0,0.0,141.25000432376928
183,2022-04-14,143.1446359938789,127.93244777846078,153.0628531893213,143.1446359938789,143.1446359938789,-2.5246146839922443,-2.5246146839922443,-2.5246146839922443,-2.5246146839922443,-2.5246146839922443,-2.5246146839922443,0.0,0.0,0.0,140.62002130988665
184,2022-04-18,141.58092231477858,126.90139389995899,151.80885905191073,141.58092231477858,141.58092231477858,-2.5412152993518062,-2.5412152993518062,-2.5412152993518062,-2.5412152993518062,-2.5412152993518062,-2.5412152993518062,0.0,0.0,0.0,139.03970701542676
185,2022-04-19,141.18999389500345,125.54880407253599,149.81278043154202,141.18999389500345,141.18999389500345,-2.3942527976774164,-2.3942527976774164,-2.3942527976774164,-2.3942527976774164,-2.3942527976774164,-2.3942527976774164,0.0,0.0,0.0,138.79574109732604
186,2022-04-20,140.7990654752284,125.85458859095615,150.47338411141823,140.7990654752284,140.7990654752284,-2.2855600921922568,-2.2855600921922568,-2.2855600921922568,-2.2855600921922568,-2.2855600921922568,-2.2855600921922568,0.0,0.0,0.0,138.51350538303612
187,2022-04-21,140.40813705545332,125.16864939773063,148.94366268696405,140.40813705545332,140.40813705545332,-2.524614683983268,-2.524614683983268,-2.524614683983268,-2.524614683983268,-2.524614683983268,-2.524614683983268,0.0,0.0,0.0,137.88352237147006
188,2022-04-22,140.01720863567823,124.33224849034934,148.88350806321998,140.01720863567823,140.01720863567823,-3.092460750381502,-3.092460750381502,-3.092460750381502,-3.092460750381502,-3.092460750381502,-3.092460750381502,0.0,0.0,0.0,136.92474788529674
189,2022-04-25,138.84442337635298,124.69709462000618,148.7630951173178,138.84442337635298,138.84442337635298,-2.54121529935832,-2.54121529935832,-2.54121529935832,-2.54121529935832,-2.54121529935832,-2.54121529935832,0.0,0.0,0.0,136.30320807699465
190,2022-04-26,138.45349495657788,124.01009636812374,148.07685541898314,138.45349495657788,138.45349495657788,-2.39425279768531,-2.39425279768531,-2.39425279768531,-2.39425279768531,-2.39425279768531,-2.39425279768531,0.0,0.0,0.0,136.05924215889257
191,2022-04-27,138.06256653680282,123.64059052644798,148.20808736598414,138.06256653680282,138.06256653680282,-2.285560092192513,-2.285560092192513,-2.285560092192513,-2.285560092192513,-2.285560092192513,-2.285560092192513,0.0,0.0,0.0,135.7770064446103
192,2022-04-28,137.67163811083648,123.7963747771118,147.52200141859416,137.67163811083648,137.67163811083648,-2.5246146839830157,-2.5246146839830157,-2.5246146839830157,-2.5246146839830157,-2.5246146839830157,-2.5246146839830157,0.0,0.0,0.0,135.14702342685348
193,2022-04-29,137.28070968487015,121.9219441754909,146.29721754393648,137.28070968487015,137.28070968487015,-3.092460750381611,-3.092460750381611,-3.092460750381611,-3.092460750381611,-3.092460750381611,-3.092460750381611,0.0,0.0,0.0,134.18824893448854
194,2022-05-02,136.10792440697114,122.29516580631696,145.72998137027773,136.10792440697114,136.10792440697114,-2.541215299338173,-2.541215299338173,-2.541215299338173,-2.541215299338173,-2.541215299338173,-2.541215299338173,0.0,0.0,0.0,133.56670910763296
195,2022-05-03,135.7169959810048,120.77819519771761,145.57661992680616,135.7169959810048,135.7169959810048,-2.3942527976823045,-2.3942527976823045,-2.3942527976823045,-2.3942527976823045,-2.3942527976823045,-2.3942527976823045,0.0,0.0,0.0,133.3227431833225
196,2022-05-04,135.32606755503846,120.9844455267129,144.74144381253737,135.32606755503846,135.32606755503846,-2.2855600921919894,-2.2855600921919894,-2.2855600921919894,-2.2855600921919894,-2.2855600921919894,-2.2855600921919894,0.0,0.0,0.0,133.04050746284648
197,2022-05-05,134.93513912907213,120.82668306952883,144.70801053106632,134.93513912907213,134.93513912907213,-2.52461468398898,-2.52461468398898,-2.52461468398898,-2.52461468398898,-2.52461468398898,-2.52461468398898,0.0,0.0,0.0,132.41052444508315
198,2022-05-06,134.54421070310576,118.87386163866381,143.49899021217675,134.54421070310576,134.54421070310576,-3.092460750368962,-3.092460750368962,-3.092460750368962,-3.092460750368962,-3.092460750368962,-3.092460750368962,0.0,0.0,0.0,131.4517499527368
199,2022-05-09,133.37142542520675,119.21734474758276,143.6781764379682,133.37142542520675,133.37142542520675,-2.541215299344687,-2.541215299344687,-2.541215299344687,-2.541215299344687,-2.541215299344687,-2.541215299344687,0.0,0.0,0.0,130.83021012586207
200,2022-05-10,132.98867636848615,118.32264137885302,143.06808002663828,132.98867636848615,132.98867636848615,-2.3942527976838086,-2.3942527976838086,-2.3942527976838086,-2.3942527976838086,-2.3942527976838086,-2.3942527976838086,0.0,0.0,0.0,130.59442357080235
201,2022-05-11,132.60592731176556,117.80084045272905,142.52983476312437,132.60592731176556,132.60592731176556,-2.285560092192245,-2.285560092192245,-2.285560092192245,-2.285560092192245,-2.285560092192245,-2.285560092192245,0.0,0.0,0.0,130.3203672195733
202,2022-05-12,132.22317825504499,117.36052944615969,141.8583789398251,132.22317825504499,132.22317825504499,-2.5246146839887276,-2.5246146839887276,-2.5246146839887276,-2.5246146839887276,-2.5246146839887276,-2.5246146839887276,0.0,0.0,0.0,129.69856357105627
203,2022-05-13,131.8404291983244,115.90431990840398,141.53814718056873,131.8404291983244,131.8404291983244,-3.09246075036907,-3.09246075036907,-3.09246075036907,-3.09246075036907,-3.09246075036907,-3.09246075036907,0.0,0.0,0.0,128.74796844795532
204,2022-05-16,130.69218202816262,116.1423086922403,139.8571713125699,130.69218202816262,130.69218202816262,-2.541215299351201,-2.541215299351201,-2.541215299351201,-2.541215299351201,-2.541215299351201,-2.541215299351201,0.0,0.0,0.0,128.15096672881143
205,2022-05-17,130.30943297144202,115.62990300166605,140.36237461660357,130.30943297144202,130.30943297144202,-2.394252797676293,-2.394252797676293,-2.394252797676293,-2.394252797676293,-2.394252797676293,-2.394252797676293,0.0,0.0,0.0,127.91518017376573
206,2022-05-18,129.92668391472142,115.07329783315627,140.4705805460285,129.92668391472142,129.92668391472142,-2.2855600921920693,-2.2855600921920693,-2.2855600921920693,-2.2855600921920693,-2.2855600921920693,-2.2855600921920693,0.0,0.0,0.0,127.64112382252935
207,2022-05-19,129.54393485800082,114.69647172731956,140.16736449254375,129.54393485800082,129.54393485800082,-2.5246146839915835,-2.5246146839915835,-2.5246146839915835,-2.5246146839915835,-2.5246146839915835,-2.5246146839915835,0.0,0.0,0.0,127.01932017400924
208,2022-05-20,129.16118580128025,114.0511647962231,137.02397399659907,129.16118580128025,129.16118580128025,-3.0924607503691783,-3.0924607503691783,-3.0924607503691783,-3.0924607503691783,-3.0924607503691783,-3.0924607503691783,0.0,0.0,0.0,126.06872505091107
209,2022-05-23,128.01293863111846,113.67080165468683,137.80301334892005,128.01293863111846,128.01293863111846,-2.541215299323705,-2.541215299323705,-2.541215299323705,-2.541215299323705,-2.541215299323705,-2.541215299323705,0.0,0.0,0.0,125.47172333179475
210,2022-05-24,127.63018957439789,113.13137211888186,137.4103381286505,127.63018957439789,127.63018957439789,-2.394252797677798,-2.394252797677798,-2.394252797677798,-2.394252797677798,-2.394252797677798,-2.394252797677798,0.0,0.0,0.0,125.2359367767201
211,2022-05-25,127.24744051767729,112.45330901079053,137.4798445480249,127.24744051767729,127.24744051767729,-2.2855600921923247,-2.2855600921923247,-2.2855600921923247,-2.2855600921923247,-2.2855600921923247,-2.2855600921923247,0.0,0.0,0.0,124.96188042548496
212,2022-05-26,126.86469146095672,112.98677652400528,136.40210179913473,126.86469146095672,126.86469146095672,-2.524614683982608,-2.524614683982608,-2.524614683982608,-2.524614683982608,-2.524614683982608,-2.524614683982608,0.0,0.0,0.0,124.34007677697412
213,2022-05-27,126.48194240423611,110.36905619555806,135.66737134291037,126.48194240423611,126.48194240423611,-3.0924607503629087,-3.0924607503629087,-3.0924607503629087,-3.0924607503629087,-3.0924607503629087,-3.0924607503629087,0.0,0.0,0.0,123.3894816538732
214,2022-05-31,124.95094617735374,110.51415466375809,135.03948330515982,124.95094617735374,124.95094617735374,-2.394252797679302,-2.394252797679302,-2.394252797679302,-2.394252797679302,-2.394252797679302,-2.394252797679302,0.0,0.0,0.0,122.55669337967444
215,2022-06-01,124.56819712063317,110.47164581291013,134.3883213951172,124.56819712063317,124.56819712063317,-2.285560092191802,-2.285560092191802,-2.285560092191802,-2.285560092191802,-2.285560092191802,-2.285560092191802,0.0,0.0,0.0,122.28263702844137
216,2022-06-02,124.18544806391257,109.6747412694148,133.6397961277337,124.18544806391257,124.18544806391257,-2.5246146839854635,-2.5246146839854635,-2.5246146839854635,-2.5246146839854635,-2.5246146839854635,-2.5246146839854635,0.0,0.0,0.0,121.66083337992711
217,2022-06-03,123.80269900719199,108.4532958061526,133.08438301390797,123.80269900719199,123.80269900719199,-3.0924607503895523,-3.0924607503895523,-3.0924607503895523,-3.0924607503895523,-3.0924607503895523,-3.0924607503895523,0.0,0.0,0.0,120.71023825680244
218,2022-06-06,122.65445183703021,106.92862516641544,133.22114807484772,122.65445183703021,122.65445183703021,-2.5412152993367325,-2.5412152993367325,-2.5412152993367325,-2.5412152993367325,-2.5412152993367325,-2.5412152993367325,0.0,0.0,0.0,120.11323653769348
219,2022-06-07,122.27170278030964,107.81958305832461,131.75697592891822,122.27170278030964,122.27170278030964,-2.3942527976762964,-2.3942527976762964,-2.3942527976762964,-2.3942527976762964,-2.3942527976762964,-2.3942527976762964,0.0,0.0,0.0,119.87744998263334
220,2022-06-08,121.88895372358904,107.9285012941372,131.46207755624565,121.88895372358904,121.88895372358904,-2.2855600921928363,-2.2855600921928363,-2.2855600921928363,-2.2855600921928363,-2.2855600921928363,-2.2855600921928363,0.0,0.0,0.0,119.6033936313962
221,2022-06-09,121.50620466686844,106.67549126330643,131.52898522906608,121.50620466686844,121.50620466686844,-2.524614683988319,-2.524614683988319,-2.524614683988319,-2.524614683988319,-2.524614683988319,-2.524614683988319,0.0,0.0,0.0,118.98158998288012
222,2022-06-10,121.12345561014784,105.32258676410878,130.51672712933197,121.12345561014784,121.12345561014784,-3.0924607503769037,-3.0924607503769037,-3.0924607503769037,-3.0924607503769037,-3.0924607503769037,-3.0924607503769037,0.0,0.0,0.0,118.03099485977094
223,2022-06-13,119.97520843998608,105.26104149929522,129.966701455514,119.97520843998608,119.97520843998608,-2.5412152993432464,-2.5412152993432464,-2.5412152993432464,-2.5412152993432464,-2.5412152993432464,-2.5412152993432464,0.0,0.0,0.0,117.43399314064283
224,2022-06-14,119.5924593832655,104.31307361025304,130.35515233788502,119.5924593832655,119.5924593832655,-2.3942527976887,-2.3942527976887,-2.3942527976887,-2.3942527976887,-2.3942527976887,-2.3942527976887,0.0,0.0,0.0,117.19820658557681
225,2022-06-15,119.20971032654491,104.98408324911495,128.82966869619452,119.20971032654491,119.20971032654491,-2.285560092192313,-2.285560092192313,-2.285560092192313,-2.285560092192313,-2.285560092192313,-2.285560092192313,0.0,0.0,0.0,116.9241502343526
226,2022-06-16,118.82696126982431,103.91225855584021,128.84171854705983,118.82696126982431,118.82696126982431,-2.5246146839911745,-2.5246146839911745,-2.5246146839911745,-2.5246146839911745,-2.5246146839911745,-2.5246146839911745,0.0,0.0,0.0,116.30234658583313
227,2022-06-17,118.44421221310371,102.69712305226852,127.37399281462494,118.44421221310371,118.44421221310371,-3.0924607503770116,-3.0924607503770116,-3.0924607503770116,-3.0924607503770116,-3.0924607503770116,-3.0924607503770116,0.0,0.0,0.0,115.3517514627267
228,2022-06-21,116.91321598622136,102.53177073368613,126.1678797303406,116.91321598622136,116.91321598622136,-2.3942527976811836,-2.3942527976811836,-2.3942527976811836,-2.3942527976811836,-2.3942527976811836,-2.3942527976811836,0.0,0.0,0.0,114.51896318854017
229,2022-06-22,116.53046692950078,103.04625888530123,126.97745078260174,116.53046692950078,116.53046692950078,-2.2855600921929153,-2.2855600921929153,-2.2855600921929153,-2.2855600921929153,-2.2855600921929153,-2.2855600921929153,0.0,0.0,0.0,114.24490683730787
230,2022-06-23,116.14771787278018,100.91028231979816,125.71235323971034,116.14771787278018,116.14771787278018,-2.524614683990923,-2.524614683990923,-2.524614683990923,-2.524614683990923,-2.524614683990923,-2.524614683990923,0.0,0.0,0.0,113.62310318878926
231,2022-06-24,115.7649688160596,99.97556359263478,125.39981588408078,115.7649688160596,115.7649688160596,-3.092460750370741,-3.092460750370741,-3.092460750370741,-3.092460750370741,-3.092460750370741,-3.092460750370741,0.0,0.0,0.0,112.67250806568886
232,2022-06-27,114.61672164589783,99.93118637484048,123.62197768173866,114.61672164589783,114.61672164589783,-2.5412152993562738,-2.5412152993562738,-2.5412152993562738,-2.5412152993562738,-2.5412152993562738,-2.5412152993562738,0.0,0.0,0.0,112.07550634654156
233,2022-06-28,114.23397258917724,100.84205264246565,124.66268676480692,114.23397258917724,114.23397258917724,-2.394252797682689,-2.394252797682689,-2.394252797682689,-2.394252797682689,-2.394252797682689,-2.394252797682689,0.0,0.0,0.0,111.83971979149456
234,2022-06-29,113.85122353245663,99.45631105081378,123.78369065511846,113.85122353245663,113.85122353245663,-2.285560092192392,-2.285560092192392,-2.285560092192392,-2.285560092192392,-2.285560092192392,-2.285560092192392,0.0,0.0,0.0,111.56566344026423
235,2022-06-30,113.46847447573606,98.46003617581376,123.94519823717319,113.46847447573606,113.46847447573606,-2.5246146839819468,-2.5246146839819468,-2.5246146839819468,-2.5246146839819468,-2.5246146839819468,-2.5246146839819468,0.0,0.0,0.0,110.94385979175411
236,2022-07-01,113.08572541901546,97.17050095447622,121.2405340533894,113.08572541901546,113.08572541901546,-3.0924607503644705,-3.0924607503644705,-3.0924607503644705,-3.0924607503644705,-3.0924607503644705,-3.0924607503644705,0.0,0.0,0.0,109.993264668651
237,2022-07-05,111.5547291921331,96.92315340005227,122.00882818881423,111.5547291921331,111.5547291921331,-2.394252797679683,-2.394252797679683,-2.394252797679683,-2.394252797679683,-2.394252797679683,-2.394252797679683,0.0,0.0,0.0,109.16047639445341
238,2022-07-06,111.17198013541253,96.42163944676163,121.73133109839952,111.17198013541253,111.17198013541253,-2.28556009219187,-2.28556009219187,-2.28556009219187,-2.28556009219187,-2.28556009219187,-2.28556009219187,0.0,0.0,0.0,108.88642004322065
239,2022-07-07,110.78923107869193,95.7537372258357,120.48114649096928,110.78923107869193,110.78923107869193,-2.5246146839816954,-2.5246146839816954,-2.5246146839816954,-2.5246146839816954,-2.5246146839816954,-2.5246146839816954,0.0,0.0,0.0,108.26461639471023
240,2022-07-08,110.40648202197133,95.36383237982537,120.52624154984169,110.40648202197133,110.40648202197133,-3.092460750358201,-3.092460750358201,-3.092460750358201,-3.092460750358201,-3.092460750358201,-3.092460750358201,0.0,0.0,0.0,107.31402127161313
241,2022-07-11,109.25823485180956,93.74424709110029,119.05877906072412,109.25823485180956,109.25823485180956,-2.5412152993352923,-2.5412152993352923,-2.5412152993352923,-2.5412152993352923,-2.5412152993352923,-2.5412152993352923,0.0,0.0,0.0,106.71701955247427
242,2022-07-12,108.87548579508896,94.78767125603318,119.3085713102245,108.87548579508896,108.87548579508896,-2.394252797676677,-2.394252797676677,-2.394252797676677,-2.394252797676677,-2.394252797676677,-2.394252797676677,0.0,0.0,0.0,106.48123299741229
243,2022-07-13,108.49273673836838,94.34046710104384,118.88847108196478,108.49273673836838,108.49273673836838,-2.2855600921929033,-2.2855600921929033,-2.2855600921929033,-2.2855600921929033,-2.2855600921929033,-2.2855600921929033,0.0,0.0,0.0,106.20717664617547
244,2022-07-14,108.1099876816478,94.54858712959887,118.01828098199626,108.1099876816478,108.1099876816478,-2.5246146839876586,-2.5246146839876586,-2.5246146839876586,-2.5246146839876586,-2.5246146839876586,-2.5246146839876586,0.0,0.0,0.0,105.58537299766013
245,2022-07-15,107.7272386249272,92.28017209105242,117.00779399011942,107.7272386249272,107.7272386249272,-3.0924607503583093,-3.0924607503583093,-3.0924607503583093,-3.0924607503583093,-3.0924607503583093,-3.0924607503583093,0.0,0.0,0.0,104.63477787456888
246,2022-07-18,106.57899145476543,92.62175752057935,116.41716847538014,106.57899145476543,106.57899145476543,-2.541215299334457,-2.541215299334457,-2.541215299334457,-2.541215299334457,-2.541215299334457,-2.541215299334457,0.0,0.0,0.0,104.03777615543098
247,2022-07-19,106.19624239804484,91.82697858259858,115.72976843795797,106.19624239804484,106.19624239804484,-2.3942527976845716,-2.3942527976845716,-2.3942527976845716,-2.3942527976845716,-2.3942527976845716,-2.3942527976845716,0.0,0.0,0.0,103.80198960036027
248,2022-07-20,105.81349334132425,90.71389578450406,115.76445585879905,105.81349334132425,105.81349334132425,-2.2855600921923807,-2.2855600921923807,-2.2855600921923807,-2.2855600921923807,-2.2855600921923807,-2.2855600921923807,0.0,0.0,0.0,103.52793324913186
249,2022-07-21,105.43074428460366,91.00439335205051,115.19428469968233,105.43074428460366,105.43074428460366,-2.5246146839874064,-2.5246146839874064,-2.5246146839874064,-2.5246146839874064,-2.5246146839874064,-2.5246146839874064,0.0,0.0,0.0,102.90612960061625
250,2022-07-22,105.04799522788308,89.26220681651601,114.31857299799776,105.04799522788308,105.04799522788308,-3.0924607503785753,-3.0924607503785753,-3.0924607503785753,-3.0924607503785753,-3.0924607503785753,-3.0924607503785753,0.0,0.0,0.0,101.9555344775045
251,2022-07-23,104.66524617116248,99.13715390409884,122.82802937030381,104.66524617116248,104.66524617116248,6.419053309663067,6.419053309663067,6.419053309663067,6.419053309663067,6.419053309663067,6.419053309663067,0.0,0.0,0.0,111.08429948082555
252,2022-07-24,104.2824971144419,99.18773013387931,123.57012912620894,104.2824971144419,104.2824971144419,6.419050313901023,6.419050313901023,6.419050313901023,6.419050313901023,6.419050313901023,6.419050313901023,0.0,0.0,0.0,110.70154742834292
253,2022-07-25,103.89974805772131,88.7240317888174,113.30621510310574,103.89974805772131,103.90250414659027,-2.54121529934832,-2.54121529934832,-2.54121529934832,-2.54121529934832,-2.54121529934832,-2.54121529934832,0.0,0.0,0.0,101.35853275837299
254,2022-07-26,103.51699900100073,89.10100936208147,113.0381991673852,103.51525439845473,103.52679403188012,-2.394252797681565,-2.394252797681565,-2.394252797681565,-2.394252797681565,-2.394252797681565,-2.394252797681565,0.0,0.0,0.0,101.12274620331917
255,2022-07-27,103.13424994428011,88.44782891263145,113.2499210417706,103.12664226799996,103.1511338420679,-2.285560092192205,-2.285560092192205,-2.285560092192205,-2.285560092192205,-2.285560092192205,-2.285560092192205,0.0,0.0,0.0,100.84868985208792
256,2022-07-28,102.75150088755952,88.13819267328543,112.22060878303233,102.7357187079647,102.78079467779992,-2.524614683987154,-2.524614683987154,-2.524614683987154,-2.524614683987154,-2.524614683987154,-2.524614683987154,0.0,0.0,0.0,100.22688620357236
257,2022-07-29,102.36875183083895,86.63989966692314,111.13124400093884,102.34295796148416,102.4129334533532,-3.092460750378683,-3.092460750378683,-3.092460750378683,-3.092460750378683,-3.092460750378683,-3.092460750378683,0.0,0.0,0.0,99.27629108046027
258,2022-07-30,101.98600277411835,95.79355051494468,120.79370037783887,101.94622282554941,102.04959127700302,6.419053309666085,6.419053309666085,6.419053309666085,6.419053309666085,6.419053309666085,6.419053309666085,0.0,0.0,0.0,108.40505608378443
259,2022-07-31,101.60325371739778,95.07262027968294,120.45583969728152,101.54616173617083,101.68278063792343,6.419050313889622,6.419050313889622,6.419050313889622,6.419050313889622,6.419050313889622,6.419050313889622,0.0,0.0,0.0,108.0223040312874
260,2022-08-01,101.22050466067718,86.6221380762603,111.91811506664259,101.14198295906182,101.31467628332081,-2.541215299347484,-2.541215299347484,-2.541215299347484,-2.541215299347484,-2.541215299347484,-2.541215299347484,0.0,0.0,0.0,98.6792893613297
261,2022-08-02,100.83775560395658,85.86734020224965,109.61929048044684,100.73958530319176,100.9517264272277,-2.394252797678559,-2.394252797678559,-2.394252797678559,-2.394252797678559,-2.394252797678559,-2.394252797678559,0.0,0.0,0.0,98.44350280627802
262,2022-08-03,100.45500654723601,85.93770791232615,110.36432727916292,100.34374671156871,100.58845195515883,-2.2855600921916825,-2.2855600921916825,-2.2855600921916825,-2.2855600921916825,-2.2855600921916825,-2.2855600921916825,0.0,0.0,0.0,98.16944645504432
263,2022-08-04,100.07225749051538,85.03587937171974,109.77245149367727,99.94432823145148,100.22444593323394,-2.524614683993118,-2.524614683993118,-2.524614683993118,-2.524614683993118,-2.524614683993118,-2.524614683993118,0.0,0.0,0.0,97.54764280652226
264,2022-08-05,99.6895084337948,84.62348678087973,108.0703841863864,99.53923415085015,99.8708965842381,-3.0924607503596566,-3.0924607503596566,-3.0924607503596566,-3.0924607503596566,-3.0924607503596566,-3.0924607503596566,0.0,0.0,0.0,96.59704768343514
265,2022-08-06,99.30675937707421,93.14424087187174,118.45758197935035,99.12725819587489,99.5046846701939,6.419053309669103,6.419053309669103,6.419053309669103,6.419053309669103,6.419053309669103,6.419053309669103,0.0,0.0,0.0,105.72581268674332
266,2022-08-07,98.92401032035363,94.12393700296258,118.08690068952968,98.71802582793981,99.14400790379601,6.419050313912597,6.419050313912597,6.419050313912597,6.419050313912597,6.419050313912597,6.419050313912597,0.0,0.0,0.0,105.34306063426622
267,2022-08-08,98.54126126363305,84.77302613572206,107.80147091308262,98.31195743934283,98.7821476972081,-2.541215299346649,-2.541215299346649,-2.541215299346649,-2.541215299346649,-2.541215299346649,-2.541215299346649,0.0,0.0,0.0,96.0000459642864
268,2022-08-09,98.15851220691245,83.83898994009571,107.9467230817366,97.90780720160815,98.42201824834525,-2.394252797680064,-2.394252797680064,-2.394252797680064,-2.394252797680064,-2.394252797680064,-2.394252797680064,0.0,0.0,0.0,95.76425940923238
269,2022-08-10,97.77576315019188,83.84933613094525,107.87079388158531,97.50012286922295,98.06548301010827,-2.2855600921919375,-2.2855600921919375,-2.2855600921919375,-2.2855600921919375,-2.2855600921919375,-2.2855600921919375,0.0,0.0,0.0,95.49020305799993
270,2022-08-11,97.39301409347128,82.50336271504361,106.86000498713331,97.0913912824297,97.69801187935077,-2.524614683992866,-2.524614683992866,-2.524614683992866,-2.524614683992866,-2.524614683992866,-2.524614683992866,0.0,0.0,0.0,94.86839940947841
271,2022-08-12,97.01026503675067,82.12819099693613,106.03575967933183,96.66705681872335,97.35818152493168,-3.0924607503863006,-3.0924607503863006,-3.0924607503863006,-3.0924607503863006,-3.0924607503863006,-3.0924607503863006,0.0,0.0,0.0,93.91780428636437
272,2022-08-13,96.62751598003007,90.9131673741784,114.78388339909887,96.23960942644676,96.99809009642762,6.419053309672121,6.419053309672121,6.419053309672121,6.419053309672121,6.419053309672121,6.419053309672121,0.0,0.0,0.0,103.04656928970219
273,2022-08-14,96.2447669233095,91.31716393878814,114.71537574073781,95.83088290922174,96.64673299917708,6.419050313901197,6.419050313901197,6.419050313901197,6.419050313901197,6.419050313901197,6.419050313901197,0.0,0.0,0.0,102.6638172372107
274,2022-08-15,95.8620178665889,81.314114436652,105.18243525587492,95.40797104929077,96.29200522443877,-2.5412152993605113,-2.5412152993605113,-2.5412152993605113,-2.5412152993605113,-2.5412152993605113,-2.5412152993605113,0.0,0.0,0.0,93.32080256722838
275,2022-08-16,95.47926880986833,81.34322003551975,104.91566577149717,94.99399745812006,95.95412911762324,-2.394252797672548,-2.394252797672548,-2.394252797672548,-2.394252797672548,-2.394252797672548,-2.394252797672548,0.0,0.0,0.0,93.08501601219578
276,2022-08-17,95.09651975314773,80.5125780390103,105.93777576062823,94.5756482692437,95.60600406901587,-2.2855600921921932,-2.2855600921921932,-2.2855600921921932,-2.2855600921921932,-2.2855600921921932,-2.2855600921921932,0.0,0.0,0.0,92.81095966095553
277,2022-08-18,94.71377069642715,80.63282798641333,105.1560296240086,94.15986278872673,95.25960005629902,-2.52461468398389,-2.52461468398389,-2.52461468398389,-2.52461468398389,-2.52461468398389,-2.52461468398389,0.0,0.0,0.0,92.18915601244326
278,2022-08-19,94.33102163970656,78.9997586287501,102.91825024418273,93.74123037387943,94.90870212650105,-3.09246075038003,-3.09246075038003,-3.09246075038003,-3.09246075038003,-3.09246075038003,-3.09246075038003,0.0,0.0,0.0,91.23856088932654
279,2022-08-20,93.94827258298598,88.01764255624288,112.74721580880077,93.3302973119214,94.56221499681709,6.419053309683524,6.419053309683524,6.419053309683524,6.419053309683524,6.419053309683524,6.419053309683524,0.0,0.0,0.0,100.3673258926695
280,2022-08-21,93.56552352626537,86.64864387860776,112.32442403227968,92.92147199842249,94.21655740370957,6.419050313898528,6.419050313898528,6.419050313898528,6.419050313898528,6.419050313898528,6.419050313898528,0.0,0.0,0.0,99.98457384016389
